<?xml version="1.0" encoding="UTF-8"?>
<project-private xmlns="http://www.netbeans.org/ns/project-private/1">
    <editor-bookmarks xmlns="http://www.netbeans.org/ns/editor-bookmarks/2" lastBookmarkId="0"/>
    <open-files xmlns="http://www.netbeans.org/ns/projectui-open-files/2">
        <group>
            <file>file:/C:/Users/Omar%20Garcia/Documents/Programming/Java/University/Software-development-3/Semestral/src/Frms/frmCrearUser.java</file>
            <file>file:/C:/Users/Omar%20Garcia/Documents/Programming/Java/University/Software-development-3/Semestral/src/Main/Main.java</file>
            <file>file:/C:/Users/Omar%20Garcia/Documents/Programming/Java/University/Software-development-3/Semestral/src/Metodos/MetodosUsuario.java</file>
            <file>file:/C:/Users/Omar%20Garcia/Documents/Programming/Java/University/Software-development-3/Semestral/src/Frms/frmDetallePlanilla.java</file>
            <file>file:/C:/Users/Omar%20Garcia/Documents/Programming/Java/University/Software-development-3/Semestral/src/Frms/frmLogin.java</file>
            <file>file:/C:/Users/Omar%20Garcia/Documents/Programming/Java/University/Software-development-3/Semestral/src/Clases/Usuario.java</file>
            <file>file:/C:/Users/Omar%20Garcia/Documents/Programming/Java/University/Software-development-3/Semestral/src/Metodos/MetodosEmpleados.java</file>
            <file>file:/C:/Users/Omar%20Garcia/Documents/Programming/Java/University/Software-development-3/Semestral/src/Frms/frmPlanilla.java</file>
        </group>
    </open-files>
</project-private>
